[{"id":"user-image-text.png","publicUrl":"np://user.desktop.nicepage.com/Site_814222543/images/text.png","size":13715,"hash":"SzSLncbz8Eabz8tE4w3p/b8XtoI=","fileName":"text.png","name":"text","width":546,"height":143,"thumbnail":{"url":"np://user.desktop.nicepage.com/Site_814222543/images/thumbnails/text.png","width":250,"height":65},"usages":[]},{"id":"user-image-Capture2.PNG","publicUrl":"np://user.desktop.nicepage.com/Site_814222543/images/Capture2.PNG","size":764741,"hash":"T+juDsxtGtQzK0HQkwWGal6N/IQ=","fileName":"Capture2.PNG","name":"Capture2","width":848,"height":694,"thumbnail":{"url":"np://user.desktop.nicepage.com/Site_814222543/images/thumbnails/Capture2.PNG","width":250,"height":205},"usages":["187447751"]},{"id":"user-image-DALLE2023-04-0820.46.35-createabackgroundforawebsitethatincorporates3dprinters.png","publicUrl":"np://user.desktop.nicepage.com/Site_814222543/images/DALLE2023-04-0820.46.35-createabackgroundforawebsitethatincorporates3dprinters.png","size":1808503,"hash":"bh7hNWalnytkNUaMO32p1VjkFtg=","fileName":"DALLE2023-04-0820.46.35-createabackgroundforawebsitethatincorporates3dprinters.png","name":"DALLE2023-04-0820.46.35-createabackgroundforawebsitethatincorporates3dprinters","width":1024,"height":1024,"thumbnail":{"url":"np://user.desktop.nicepage.com/Site_814222543/images/thumbnails/DALLE2023-04-0820.46.35-createabackgroundforawebsitethatincorporates3dprinters.png","width":250,"height":250},"usages":["1512218098"]},{"id":"user-image-DALLE2023-04-0821.02.00-abackgroundimagefora3dprintingcompany.png","publicUrl":"np://user.desktop.nicepage.com/Site_814222543/images/DALLE2023-04-0821.02.00-abackgroundimagefora3dprintingcompany.png","size":1564556,"hash":"BSVPFxsRAkMaAWdM+gT2JYpb/Ag=","fileName":"DALLE2023-04-0821.02.00-abackgroundimagefora3dprintingcompany.png","name":"DALLE2023-04-0821.02.00-abackgroundimagefora3dprintingcompany","width":1024,"height":1024,"thumbnail":{"url":"np://user.desktop.nicepage.com/Site_814222543/images/thumbnails/DALLE2023-04-0821.02.00-abackgroundimagefora3dprintingcompany.png","width":250,"height":250},"usages":["1512218098"]},{"id":"user-image-tmllogomybe.png","publicUrl":"np://user.desktop.nicepage.com/Site_814222543/images/tmllogomybe.png","size":507110,"hash":"TL8tEzeIFVpKgv9Mey5CSXmyIDw=","fileName":"tmllogomybe.png","name":"tmllogomybe","width":1744,"height":1744,"thumbnail":{"url":"np://user.desktop.nicepage.com/Site_814222543/images/thumbnails/tmllogomybe.png","width":250,"height":250},"usages":["1512218098"]},{"id":"user-image-DALLE2023-04-0821.52.54-closeupofcncwoodworking.png","publicUrl":"np://user.desktop.nicepage.com/Site_814222543/images/DALLE2023-04-0821.52.54-closeupofcncwoodworking.png","size":1442757,"hash":"KUW89VQm07Y5lkVIKptKP82vFDE=","fileName":"DALLE2023-04-0821.52.54-closeupofcncwoodworking.png","name":"DALLE2023-04-0821.52.54-closeupofcncwoodworking","width":1024,"height":1024,"thumbnail":{"url":"np://user.desktop.nicepage.com/Site_814222543/images/thumbnails/DALLE2023-04-0821.52.54-closeupofcncwoodworking.png","width":250,"height":250},"usages":["187447751"]},{"id":"user-image-AllModels_1000x_35d9ff1f-9293-468b-87de-6a30ce1e4a78.webp","publicUrl":"np://user.desktop.nicepage.com/Site_814222543/images/AllModels_1000x_35d9ff1f-9293-468b-87de-6a30ce1e4a78.webp","size":74262,"hash":"NteRaiXxwgTfCbdVQoLXYqdbadw=","fileName":"AllModels_1000x_35d9ff1f-9293-468b-87de-6a30ce1e4a78.webp","name":"AllModels_1000x_35d9ff1f-9293-468b-87de-6a30ce1e4a78","width":600,"height":600,"thumbnail":{"url":"np://user.desktop.nicepage.com/Site_814222543/images/AllModels_1000x_35d9ff1f-9293-468b-87de-6a30ce1e4a78.webp","width":250,"height":250},"usages":["187447751"]},{"id":"user-image-prints.png","publicUrl":"np://user.desktop.nicepage.com/Site_814222543/images/prints.png","size":494179,"hash":"WRSI9Zf1n25XMc8hwF0CrAhZ6zY=","fileName":"prints.png","name":"prints","width":750,"height":562,"thumbnail":{"url":"np://user.desktop.nicepage.com/Site_814222543/images/thumbnails/prints.png","width":250,"height":187},"usages":["187447751"]},{"id":"user-image-yeti_action.jpg","publicUrl":"np://user.desktop.nicepage.com/Site_814222543/images/yeti_action.jpg","size":94009,"hash":"PRkk7SuGfycFOrc1WaQjE5DDB8M=","fileName":"yeti_action.jpg","name":"yeti_action","width":720,"height":405,"thumbnail":{"url":"np://user.desktop.nicepage.com/Site_814222543/images/thumbnails/yeti_action.jpg","width":250,"height":141},"usages":["187447751"]},{"id":"user-image-DALLE2023-04-0823.09.36-abackgroundimagefora3dprintingcompany.png","publicUrl":"np://user.desktop.nicepage.com/Site_814222543/images/DALLE2023-04-0823.09.36-abackgroundimagefora3dprintingcompany.png","size":1568208,"hash":"Z8JG68P/DFnAAe5nXwRGcrBV+hE=","fileName":"DALLE2023-04-0823.09.36-abackgroundimagefora3dprintingcompany.png","name":"DALLE2023-04-0823.09.36-abackgroundimagefora3dprintingcompany","width":1024,"height":1024,"thumbnail":{"url":"np://user.desktop.nicepage.com/Site_814222543/images/thumbnails/DALLE2023-04-0823.09.36-abackgroundimagefora3dprintingcompany.png","width":250,"height":250},"usages":["5933073"]},{"id":"user-image-https___brandcommunity.rockwool.jpg","publicUrl":"np://user.desktop.nicepage.com/Site_814222543/images/https___brandcommunity.rockwool.jpg","size":856881,"hash":"O2cdCuTY32J4/bDnhVWAz0FgBdw=","fileName":"https___brandcommunity.rockwool.jpg","name":"https___brandcommunity.rockwool","width":3100,"height":2063,"thumbnail":{"url":"np://user.desktop.nicepage.com/Site_814222543/images/thumbnails/https___brandcommunity.rockwool.jpg","width":250,"height":166},"usages":["137475501"]}]